Id,Designator,Designation,Package,Quantity,Value,Place_YES/NO,Provided_by_customer_YES/NO,Supplier,Supplier ref,Manufacturer,Montage
1,J1,101041100001LF,,1,,YES,NO,Mouser,649-10104110-0001LF ,Amphenol FCI,SMD/SMT
2,J2,ASP13460401,,1,,YES,NO,Mouser,200-ASP-134604-01 ,Samtec,Solder Balls
3,"C2,C3,C1",C1206C106K4RACTU,1206 (3216 metric),3,10uF,YES,NO,Mouser,80-C1206C106K4R,KEMET,SMD/SMT
4,F1,1206L050YR,1206 (3216 metric),1,,YES,NO,Mouser,576-1206L050YR ,Littlefuse,SMD/SMT
5,S1,JS202011SCQN,,1,,YES,NO,Mouser,611-JS202011SCQN ,C&K,SMD/SMT
6,"U7,U6,U9,U8",DS25CP102TSQ,WQFN-16,4,,YES,NO,Mouser,926-DS25CP102TSQNOPB ,Texas Instruments,SMD/SMT
7,"U5,U4",P82B715DR,SOIC-8,2,,YES,NO,Mouser,595-P82B715DR ,Texas Instruments,SMD/SMT
8,U3,PCA9534DW,SOIC-16,1,,YES,NO,Mouser,595-PCA9534DW ,Texas Instruments,SMD/SMT
9,U2,TLV1117-25CDCY,SOT-223-4,1,,YES,NO,Mouser,595-TLV1117-25CDCY ,Texas Instruments,SMD/SMT
10,U1,TLV1117-33IDCY,SOT-223-4,1,,YES,NO,Mouser,595-TLV1117-33CDCY ,Texas Instruments,SMD/SMT
11,"J4,J3",10029449001RLF,,2,,YES,NO,Mouser,649-10029449-001RLF ,Amphenol FCI,SMD/SMT
12,"R31,R32,R33,R41,R42,R51,R52",ERA-3ARB472V ,0603 (1608 metric),7,4.7k,YES,NO,Mouser,667-ERA-3ARB472V,Panasonic,SMD/SMT
13,R34,ERA-3ARB104V,0603 (1608 metric),1,100k,YES,NO,Mouser,667-ERA-3ARB104V,Panasonic,SMD/SMT
14,"R43,R44,R53,R54",ERA-3AED331V ,0603 (1608 metric),4,330,YES,NO,Mouser,667-ERA-3AED331V ,Panasonic,SMD/SMT
15,"C4,C5,C6,C7,C8,C9",C0603C104K4RACTU,0603 (1608 metric),6,100nF,YES,NO,Mouser,80-C0603C104K4R,KEMET,SMD/SMT
